TP53,SMAD4,SF3B1,RPL5,PPP2R1A,PIK3CA,NFE2L2,NAV3,MTOR,KRAS,IDH1,HIST1H1C,GATA3,FBXW7,EGFR,DNMT3A,CDKN2A,CDH1,ARID1A,APC,Label
8.675957,8.257388,10.621136,12.706496,9.778077,8.154819,9.748193,6.7279205,7.022368,9.884171,10.145932,10.916626,8.569856,7.6510515,10.265615,7.554589,11.113742,11.442944,9.94398,6.965784,Vagina-Cancer
8.144658,8.124122,10.472691,12.544481,9.52943,8.055283,10.117643,5.61471,6.33985,10.6786,11.173677,10.611025,6.7548876,7.022368,7.97728,7.592457,9.731319,10.941781,9.4998455,7.098032,Vagina-Cancer
8.134426,8.134426,11.54593,12.518407,10.048487,8.933691,10.334273,8.312883,6.7813597,9.197217,10.256208,9.139551,7.033423,8.603626,8.531382,8.622052,8.707359,6.7813597,9.868822,7.321928,Vagina-Cancer
8.876517,8.48784,11.346514,12.843529,10.2502985,7.592457,11.183015,6.3750396,6.857981,9.665336,10.464546,10.544965,9.442944,8.317412,9.625709,7.741467,7.228819,11.368506,9.763212,7.33985,Vagina-Normal
7.67948,7.7615514,11.072803,12.986197,10.641149,7.499846,10.23362,6.149747,6.149747,9.1947565,9.319673,8.507794,8.174926,8.361944,8.430452,8.139551,7.4008794,6.129283,9.211888,7.2094536,Vagina-Normal
8.535275,8.927778,11.469133,13.289154,10.060696,8.317412,10.256208,6.409391,6.6724253,9.471675,9.560333,8.392318,9.659996,8.087462,9.970106,7.8887434,7.033423,10.032045,10.122828,7.383704,Vagina-Normal
8.447083,8.689998,11.3663225,13.123475,9.152285,8.098032,10.266787,6.2854023,6.9188633,9.590587,10.227616,10.115044,10.062046,7.971544,9.684749,7.8137813,7.011227,10.373953,9.911392,7.409391,Vagina-Normal
8.771489,8.219169,10.98513,12.884361,10.158609,7.7879024,10.698705,6.228819,6.8703647,9.497851,9.509775,9.187352,8.927778,8.28077,9.33539,7.693487,6.857981,11.291746,9.544965,7.321928,Vagina-Normal